<?xml version="1.0" encoding="UTF-8"?>
<project-private xmlns="http://www.netbeans.org/ns/project-private/1">
    <editor-bookmarks xmlns="http://www.netbeans.org/ns/editor-bookmarks/2" lastBookmarkId="0"/>
    <open-files xmlns="http://www.netbeans.org/ns/projectui-open-files/2">
        <group>
            <file>file:/C:/Users/Walid%20Boulima/Desktop/JavaApplication2/src/javaapplication2/Produit.java</file>
            <file>file:/C:/Users/Walid%20Boulima/Desktop/JavaApplication2/src/javaapplication2/PrixNegatifException.java</file>
            <file>file:/C:/Users/Walid%20Boulima/Desktop/JavaApplication2/src/javaapplication2/javaapplication2.java</file>
            <file>file:/C:/Users/Walid%20Boulima/Desktop/JavaApplication2/src/javaapplication2/Magasin.java</file>
            <file>file:/C:/Users/Walid%20Boulima/Desktop/JavaApplication2/src/javaapplication2/ProduitAgricole.java</file>
            <file>file:/C:/Users/Walid%20Boulima/Desktop/JavaApplication2/src/javaapplication2/Caissier.java</file>
            <file>file:/C:/Users/Walid%20Boulima/Desktop/JavaApplication2/src/javaapplication2/Responsable.java</file>
            <file>file:/C:/Users/Walid%20Boulima/Desktop/JavaApplication2/src/javaapplication2/ProduitLegume.java</file>
            <file>file:/C:/Users/Walid%20Boulima/Desktop/JavaApplication2/src/javaapplication2/ProduitFruit.java</file>
            <file>file:/C:/Users/Walid%20Boulima/Desktop/JavaApplication2/src/javaapplication2/MagasinPleinException.java</file>
            <file>file:/C:/Users/Walid%20Boulima/Desktop/JavaApplication2/src/javaapplication2/Vendeur.java</file>
            <file>file:/C:/Users/Walid%20Boulima/Desktop/JavaApplication2/src/javaapplication2/employe.java</file>
        </group>
    </open-files>
</project-private>
